Equivalence Ratio,Equivalence Ratio
0.72191,0.72191
0.80885,0.80885
1.0088,1.0088
1.2842,1.2842
1.4614,1.4614
