Critical Tube Diameter (mm),Initial Pressure (atm),Initial Pressure (atm)
52.48,0.28768,0.28768
26.902,0.53528,0.53528
12.092,1.1701,1.1701
6.2883,2.1623,2.1623
