Equivalence Ratio,Equivalence Ratio
0.60796,0.60796
0.68736,0.68736
0.75648,0.75648
0.82044,0.82044
0.8454,0.8454
0.93816,0.93816
1.047,1.047
1.278,1.278
1.3899,1.3899
1.5384,1.5384
1.6603,1.6603
