Critical Tube Diameter (mm),Initial Pressure (atm),Initial Pressure (atm)
51.743,0.1852,0.1852
26.514,0.35202,0.35202
12.096,0.74286,0.74286
6.2444,1.3922,1.3922
