Equivalence Ratio,Equivalence Ratio
0.78913,0.78913
0.99325,0.99325
1.2716,1.2716
