Dilution Ratio,Percent Diluent,Percent Diluent
2.2965,64.10839,64.10839
1.8565,59.08254,59.08254
1.2539,49.37364,49.37364
0.60877,32.13381,32.13381
0.2287,15.10155,15.10155
