Equivalence Ratio,Equivalence Ratio
1.2925,1.2925
1.16344,1.16344
1.08641,1.08641
0.817039,0.817039
0.741282,0.741282
