Initial Pressure (kPa),Initial Pressure (kPa)
9.33986,9.33986
13.13861,13.13861
19.8548,19.8548
26.38865,26.38865
28.14114,28.14114
33.07445,33.07445
