Initial Pressure (kPa),Initial Pressure (kPa)
9.7248,9.7248
13.00692,13.00692
19.81428,19.81428
26.51021,26.51021
