Initial Pressure (kPa),Initial Pressure (kPa)
21.64781,21.64781
23.83589,23.83589
26.44943,26.44943
33.13523,33.13523
