Initial Pressure (kPa),Initial Pressure (kPa)
12.77393,12.77393
19.8548,19.8548
26.5406,26.5406
33.14536,33.14536
39.65895,39.65895
