Equivalence Ratio,Equivalence Ratio
0.346336,0.346336
0.649088,0.649088
0.671874,0.671874
1.00104,1.00104
