Equivalence Ratio,Equivalence Ratio
0.400388,0.400388
0.459779,0.459779
0.718531,0.718531
0.961107,0.961107
1.99891,1.99891
