Initial Pressure (atm),Initial Pressure (kPa),Initial Pressure (kPa)
0.2684,27.18892,27.18892
0.3714,37.62282,37.62282
0.4697,47.58061,47.58061
0.5765,58.39945,58.39945
