Initial Pressure (atm),Initial Pressure (kPa),Initial Pressure (kPa)
0.5541,56.13033,56.13033
0.7183,72.76379,72.76379
0.8216,83.22808,83.22808
