Equivalence Ratio,Equivalence Ratio
0.69199,0.69199
0.99736,0.99736
1.4387,1.4387
1.7842,1.7842
