Equivalence Ratio,Equivalence Ratio
0.62078,0.62078
1.0656,1.0656
1.668,1.668
2.4988,2.4988
