Initial Pressure (kPa),Initial Pressure (kPa)
25.46682,25.46682
50.3461,50.3461
100.834,100.834
101.452,101.452
151.3219,151.3219
