Initial Pressure (atm),Initial Pressure (kPa),Initial Pressure (kPa)
0.130922,13.265672,13.265672
0.146022,14.795679,14.795679
0.197873,20.049482,20.049482
0.258363,26.178631,26.178631
