Dilution Ratio,Percent Diluent,Percent Diluent
0.0,0.0,0.0
0.48816,27.51942,27.51942
0.96229,42.80641,42.80641
1.4788,53.49222,53.49222
2.0,60.86957,60.86957
