Dilution Ratio,Percent Diluent,Percent Diluent
0.0,0.0,0.0
0.48734,26.76702,26.76702
0.9786,42.32821,42.32821
1.4697,52.43248,52.43248
1.9693,59.62818,59.62818
