Dilution Ratio,Percent Diluent,Percent Diluent
0.0,0.0,0.0
0.48848,25.86631,25.86631
0.9797,41.16905,41.16905
1.4708,51.23311,51.23311
