Dilution Ratio,Percent Diluent,Percent Diluent
1.1244,44.54128,44.54128
1.6364,53.89277,53.89277
2.4822,63.93797,63.93797
3.3563,70.56536,70.56536
4.1133,74.60686,74.60686
