Initial Pressure (atm),Initial Pressure (kPa),Initial Pressure (kPa)
0.3652,36.99476,36.99476
0.6526,66.10838,66.10838
1.1244,113.90172,113.90172
