Equivalence Ratio,Equivalence Ratio
0.699055,0.699055
0.951799,0.951799
1.432788,1.432788
1.956523,1.956523
2.102848,2.102848
2.373734,2.373734
