Dilution Ratio,Percent Diluent,Percent Diluent
2.329,62.456423,62.456423
3.13882,69.154979,69.154979
3.87163,73.442749,73.442749
