Equivalence Ratio,Equivalence Ratio
0.51094,0.51094
0.58832,0.58832
0.53857,0.53857
0.73935,0.73935
0.99352,0.99352
1.1438,1.1438
1.4936,1.4936
1.7461,1.7461
2.0076,2.0076
2.0988,2.0988
