Equivalence Ratio,Equivalence Ratio
0.391251,0.391251
0.46038,0.46038
0.522625,0.522625
0.55934,0.55934
0.610147,0.610147
0.68408,0.68408
0.775798,0.775798
1.02929,1.02929
1.3242,1.3242
1.62349,1.62349
1.91624,1.91624
2.25145,2.25145
2.5843,2.5843
2.78143,2.78143
2.96508,2.96508
