Equivalence Ratio,Equivalence Ratio
0.515558,0.515558
0.614876,0.614876
0.711702,0.711702
