Initial Pressure (torr),Initial Pressure (kPa),Initial Pressure (kPa)
96.6676,12.88795338,12.88795338
494.705,65.95524227,65.95524227
904.25,120.5567516,120.5567516
